<beans xmlns="http://www.springframework.org/schema/beans"
       xmlns:xsi="http://www.w3.org/2001/XMLSchema-instance"
       xsi:schemaLocation="http://www.springframework.org/schema/beans http://www.springframework.org/schema/beans/spring-beans.xsd">

    <bean id="test" class="scs.Hello">
        
        <property name="s" value="Hello World" ></property>
    </bean>
     <bean id="add" class="scs.Add">
        
        <property name="a" value="100" ></property>
        <property name="b" value="200" ></property>
    </bean>
</beans>
