<beans xmlns="http://www.springframework.org/schema/beans"
       xmlns:xsi="http://www.w3.org/2001/XMLSchema-instance"
       xsi:schemaLocation="http://www.springframework.org/schema/beans http://www.springframework.org/schema/beans/spring-beans.xsd">

    <bean id="test" class="scs.Hello">
        
        <property name="s" value="Hello World" ></property>
    </bean>
     <bean id="add" class="scs.Add">
        
        <property name="a" value="100" ></property>
        <property name="b" value="200" ></property>
    </bean>
     <bean id="arr1" class="scs.ArrExample">
        
        <property name="arr">
         <list>
            <value>10</value>
            <value>5</value>
            <value>2</value>
              
         </list>
        </property>
    </bean>
     <bean id="arr2" class="scs.ArrExample">
        
        <property name="vect">
         <list>
            <value>C</value>
            <value>500</value>
            <value>12.34</value>
              
         </list>
        </property>
    </bean>
    
     <bean id="mp1" class="scs.ArrExample">
        
        <property name="map">
         <map>
           <entry key="101"  value="C"></entry>  
           <entry key="102" value="DS"></entry>  
           <entry key="103" value="CPP"></entry>  
              
         </map>
        </property>
    </bean>
     <bean id="arr3" class="scs.ArrExample">
        
        <property name="ast">
         <set>
            <value>C</value>
            <value>500</value>
            <value>12.34</value>
              
         </set>
        </property>
    </bean>
</beans>
